name_name,name_rate
,10129
 Asus Zenfone 3 ZE520KL-1A035IN ,"7,990"
 Asus Zenfone 3 ZE520KL-1B036IN ,"8,990"
 Asus Zenfone 3 ZE520KL-1G037IN ,"9,299"
 Asus Zenfone 3S Max ,"5,490"
 Asus Zenfone 5Z ZS621KL-2A015IN ,"19,999"
 Asus Zenfone C ZC451CG ,"4,386.00"
 Asus Zenfone Lite L1 ZA551KL-4G022IN ,"4,199"
 Asus Zenfone Max M1 ZB556KL-4A001IN ,"4,997"
 Asus Zenfone Max M1 ZB556KL-4G002IN ,"4,997"
 Asus Zenfone Max Pro M1 ,"6,997"
 ASUS Zenfone Max Pro M1 4gb 64gb Grey,"7,099"
 Asus Zenfone Max Pro M1 ZB601KL-4A005IN ,"8,699"
 Asus Zenfone Max Pro M1 ZB601KL-4D101IN ,"6,199"
 Asus Zenfone Max Pro M1 ZB601KL-4D103IN ,"8,699"
 Asus Zenfone Max Pro M1 ZB601KL-4H006IN ,"8,699"
 Asus Zenfone Max Pro M1 ZB601KL-4H070IN ,"6,295"
 Asus Zenfone Max Pro M2 ,"10,499"
 Beetel M70 Corded Phone,"1,499"
 Blackberry Bold 9780 ,"4,499"
 BlackBerry Curve 3G 9300 | Black,"3,499"
 BlackBerry Curve 9320 with 3.2MP Primary Camera - Black,"3,999"
 BlackBerry Z30 STA100-2 ,10129
 Coolpad Cool 3 Plus ,"6,499"
 Coolpad Cool 5 ,"8,087.00"
 Coolpad Mega 2.5D ,"8,990"
 Coolpad Mega 3 ,10129
 Gionee A1 ,"6,999"
 Gionee Ctrl V5 ,"2,399"
 Gionee E7 Mini ,"2,399"
 Gionee F103 Pro ,"5,990"
 Gionee F103 Pro ,"3,984"
 Gionee P2S ,"1,949"
 Gionee P2S Red,"1,949"
 Gionee Pioneer P2M ,"2,099"
" Gionee Pioneer P2M Dual SIM, Android, 5MP,Quad-Core 1.3GHz Smartphone- Grey","2,099"
 Gionee Pioneer P3 ,"2,199"
 Google Pixel 2 ,"15,899"
 Google Pixel XL ,"12,999"
 Honor 20i ,"10,930"
 Honor 6X ,"8,999"
 Honor 7C Black ,"8,199"
 Honor 7X ,"9,749"
 Honor 8 Pro ,"19,999"
 Honor 8 Pro ,"13,999"
 Honor 9I ,"7,499"
" Honor 9i Aurora Blue, 64 GB- 4 GB RAM","8,999"
 Honor 9N ,"7,999"
 Honor 9N 4 GB Ram 128 GB ROM - Midnight Black,"12,595"
 Honor View20 ,"20,299"
 Huawei Honor Holly 3 ,"6,199"
 Huawei Mate 20 Pro ,"37,999"
 Huawei P20 Lite ,"10,999"
 Huawei P20 Lite ,"11,999"
 Infinix Hot 4 Pro ,"4,999"
 Lenovo A6000 ,"3,199"
 Lenovo A6000 ,10129
 Lenovo K5 Note ,"5,489"
 Lenovo K5 Note ,"6,499"
 Lenovo K6 Note ,"6,278"
 Lenovo K6 Note K53A48 ,"5,280"
 Lenovo K6 Note K53A48 ,"5,344"
 Lenovo K8 Note ,"6,999"
 Lenovo K8 Plus ,"5,360"
 Lenovo K8 Plus ,"6,489"
 Lenovo K8 Plus ,"7,699"
 Lenovo P2 ,"6,490"
 Lenovo Vibe K5 Plus ,"3,889"
 Lenovo Vibe P1 P1a42 ,"7,499"
 Lenovo Vibe P1A42 PA1N0014IN ,"5,499"
 Lenovo Vibe X2 X2-AP ,"4,499"
 LG G6 LGH870DS ,"14,999"
 LG G7+ ThinQ ,"25,091"
 LG K9 4G LTE ,"4,597"
 LG V30+ ,"17,789"
 LG V40 ThinQ ,"23,393.00"
 LG W10 ,"7,499"
 Mi A2 ,"7,585"
 Mi A2 ,"7,908"
 Mi A2 ,"7,699"
 Mi Poco F1 ,"11,899"
 Mi Redmi 2 ,"3,999"
 Mi Redmi 6 ,"7,389"
 Mi Redmi Note 5 Pro ,10129
 Micromax Canvas 2 Q4310 ,"3,999"
 Micromax Canvas Evok note E453,"3,890"
 Micromax MT500 ,"1,590"
 Micromax YU 6000 Yureka Note ,"4,199"
 Moto G7 Power ,"9,499"
 Moto One Power ,"10,099.00"
 Motorola G4 Play XT1602 ,"4,490"
 Motorola G5 Plus ,"4,500"
 Motorola G6 Plus ,"7,970"
 Motorola Moto E4 XT1760 ,"5,199"
 Motorola Moto E4 XT1760 ,"6,850"
 Motorola Moto G5S Plus 32GB ,"5,999"
 Motorola Moto X Play XT1562 ,"8,399"
 Motorola X4 XT1900-2 ,"8,999"
 Nokia 3 ,"4,990"
 Nokia 3.1 ,"6,999"
 Nokia 3.2 ,"6,290"
 Nokia 3.2 ,"6,299"
 Nokia 3.2 ,"5,980"
 Nokia 4.2 ,"6,990"
 Nokia 4.2 ,"6,499"
 Nokia 500,"3,999"
 Nokia 6.2 ,"12,764"
 Nokia 700 ,"3,999"
 Nokia 8 ,"19,899"
 Nokia 8.1 ,"12,790"
 Nokia 8.1 ,"29,990"
 Nokia Asha 210 ,"3,269"
 Nokia Asha 305 ,"2,779"
 Nokia Asha 310 ,"3,229"
 Nokia E71 Mobile,"2,999"
 Nokia Lumia 1320 ,"5,999"
 Nokia Lumia 520 ,"2,989"
" Nokia Lumia 520 8GB Black - International Version, Factory Unlocked WP8","3,999"
 Nokia Lumia 635 No Contract GoPhone with Primary Camera Expandable Memory Smartphone,"2,999"
 nokia N81 Symbian Smartphone - Brown,"4,499"
 Nokia X ,"3,499"
 OnePlus 6T McLaren Limited Edition ,"34,999"
 OnePlus 7 Pro ,"38,799"
 OnePlus 7T ,"35,499"
 OPPO A3s ,"6,999"
 OPPO A5 2020 ,"12,591"
 OPPO A5S ,"8,991"
 OPPO A7 ,"9,989"
 OPPO A9 2020 ,"17,573"
 OPPO A9 2020 ,"17,685"
 OPPO A9 2020 ,"14,391"
 OPPO F11 ,"17,299"
 Oppo F11 Pro ,10129
 Oppo F3 ,10129
 OPPO K1 ,"9,999"
 OPPO R17 Pro ,"19,848"
 OPPO R17 Pro ,"22,500"
 OPPO Reno ,"26,116.00"
 OPPO Reno 2 ,"29,964"
 OPPO Reno 2Z ,"21,296"
 OPPO Reno2 ,"33,291"
 OPPO Reno2 F ,"21,965"
 OPPO Reno2 F ,"21,991"
 OPPO Reno2 Z ,"23,175"
 OPPO Reno2 Z ,"22,982"
 Panasonic Eluga Ray 550 ,"4,790"
 Panasonic Eluga X1 Pro ,"10,990"
 Poco F1 by Xiaomi ,"15,289"
 POCO F1 MZB6645IN ,"12,399"
 POCO F1 MZB6650IN ,"15,999"
 POCO F1 MZB6713IN ,"15,799"
 Realme 2 Pro RMX1801 ,"7,999"
 Realme 2 RMX1805 ,"7,489"
 Realme 3i 3Gb 32Gb ,"8,999"
 Realme C1 ,"5,999"
 Realme XT ,"17,990"
 Redmi 5 ,"5,389"
 Redmi 6 ,"5,499"
 Redmi 6 Pro ,"8,999"
 Redmi 7 ,"6,999"
 Redmi K20 ,"17,899"
 Redmi K20 ,"20,999"
 Redmi K20 6Gb 64Gb ,"20,999"
 Redmi K20 Pro ,"26,999"
 Redmi Note 5 3GB Gold,"7,999"
 Redmi Note 5 MZB5916IN ,"8,449"
 Redmi Note 5 MZB5917IN ,"7,410"
 Redmi Note 5 Pro ,10129
 Redmi Note 5 Pro ,"9,999"
 Redmi Note 5 Pro ,"7,900"
 Redmi Note 6 Pro 64GB ,"10,429"
 Redmi Note 7 ,"8,199"
 Redmi Note 7 ,"7,199"
 Redmi Note 7 ,"7,189"
 Redmi Note 7 Pro ,"11,990"
 Redmi Note 7S ,"9,799.00"
 Samsung Galaxy A10s ,"8,399"
 Samsung Galaxy A20 ,"8,489"
 Samsung Galaxy A20s ,"12,600"
 Samsung Galaxy A30 ,"9,297"
 Samsung Galaxy A50 ,"15,490"
 Samsung Galaxy A50 ,"12,986"
 Samsung Galaxy A50 ,"13,311"
 Samsung Galaxy A50 ,"15,032.00"
 Samsung Galaxy A50s ,"19,800"
 Samsung Galaxy A50s ,"16,890"
 Samsung Galaxy A50s ,"18,000"
 Samsung Galaxy A50s ,"18,999"
 Samsung Galaxy A50s ,"18,499"
 Samsung Galaxy A70s ,"23,499"
 Samsung Galaxy A70s ,"24,999"
 Samsung Galaxy A70s ,"28,990"
 Samsung Galaxy A80 ,"31,000"
 Samsung Galaxy J2 SM-J200GZDDINS ,"3,499"
 Samsung Galaxy J5 ,"4,799"
 Samsung Galaxy J7 J7 SM-J710F ,"4,899"
 Samsung Galaxy J7 Nxt ,"5,999"
 Samsung Galaxy J7 Nxt SM-J701FZKDINS ,"5,999"
 Samsung Galaxy J7 Pro ,"8,998"
 Samsung Galaxy M20 ,"9,824"
 Samsung Galaxy Note 10 ,"63,000"
 Samsung Galaxy Note 9 ,"35,999"
 Samsung Galaxy Note 9 ,"35,901"
 Samsung Galaxy On NXT ,"8,999"
 Samsung Galaxy On7 ,"6,999"
 Samsung Galaxy ON7 G600F ,"4,999"
 Samsung Galaxy On8 SM-J710FN ,"7,299"
 Samsung Galaxy S10 ,"37,989"
 Samsung Galaxy S10 ,"38,982"
 Samsung Galaxy S5 SM-G900 ,10129
 Samsung Galaxy S9 ,"29,999"
 Samsung Galaxy S9 ,"28,993"
 Samsung Galaxy S9 ,"29,934"
 Samsung Galaxy S9 Plus ,"29,999"
 Samsung J2 Pro ,"4,999"
 Samsung On5 Pro G-550FY ,"6,499"
 Samsung On7 Pro G-600FY ,"5,999"
 Sony Z5 Dual ,"13,999"
 Tecno Camon iClick2 ,"7,699"
 Vivo NEX ,"20,999"
 Vivo Nex ,"19,999"
 Vivo V11 ,"12,399"
 Vivo V15 Pro ,"15,999"
 Vivo V5 ,"6,499"
 Vivo V9 Pro ,"12,249"
 Vivo V9 Youth ,"8,959"
 Vivo Y12 ,"9,499"
 Vivo Y17 ,"11,999"
 Vivo Y55L ,"5,999"
 Vivo Y66 ,"7,799"
 Vivo Y69 PD1705 ,"8,999"
 Vivo Y91 1816 ,"7,799"
 Vivo Y93 1814 ,"8,999"
 Vivo Y93 1815 ,"9,999"
 Vivo Y95 ,"9,199"
 Vivo Y95 ,"9,949"
" Xiaomi Mi A3 4GB RAM, 64GB Storage ","10,979"
 Xiaomi Redmi 6A ,"5,499"
 Xiaomi Redmi Note 7 Pro ,"9,994"
 Xolo Q1000S Plus ,"7,990"
 Yu Yunicorn ,"4,999"
 YU Yutopia YU5050 ,"4,499"
10.or Crafted for Amazon G2 ,"8,999"
10.or Crafted for Amazon G2 ,"9,999"
A2 ,"10,989"
AGM India Gadgets - 128GB X2 Rugged Dual Sim Mobile Phone: Android 7.1: 6GB RAM: IP68 Waterproof,"42,500"
Anik by Eapp AppleCare Protection Plan for iPhone ,"4,499"
Anik by Eapp AppleCare Protection Plan for iPhone ,"4,399"
Apple iPhone 11 ,"64,900"
Apple iPhone 11 Pro ,"1,13,900"
Apple iPhone 11 Pro ,"99,900"
Apple iPhone 11 Pro ,"1,31,900"
Apple iPhone 11 Pro Max ,"1,41,900"
Apple iPhone 11 Pro Max ,"1,09,900"
Apple iPhone 11 Pro Max ,"1,23,900"
Apple iPhone 7 Plus ,"34,900"
Apple iPhone XR ,"64,900"
Apple iPhone Xs ,"1,21,900"
Apple iPhone Xs Max ,"74,999"
Apple iPhone Xs Max ,"89,999"
Asus Zenfone 3 Laser ,"9,999"
Asus Zenfone 3 Max ZC520TL-4G110IN ,"6,199"
Asus Zenfone 3 Max ZC520TL-4H122IN ,"8,199"
Asus Zenfone 3 Max ZC553KL ,"8,599"
Asus ZenFone Max M1 ,"6,571"
Asus ZenFone3 Max 5.5 ZC553KL-4G079IN ,"8,599"
Bharat MICROMAX Q437 3 ,"3,500"
Bigbox99 Mobile Phone Metal Stand with Card Holder for Smartphones and Tablet - Antique Silver,10129
Billion Capture Plus 4G Smartphone ,"5,974"
blackbear B6 Master ,"3,871"
blackbear B6 Note X ,"4,999"
blackbear Featuer Mobile Phone Style Gold Color,10129
BlackBerry Classic ,"16,999"
BlackBerry DTEK 60 ,"19,999"
BlackBerry Evolve ,10129
BlackBerry Leap ,"7,998"
Blackberry Leap Smartphones ,"6,900"
BlackBerry Passport ,"19,999"
BlackBerry Priv with 18MP Primary Camera - Black,"19,999"
BlackBerry Z10 ,"5,500"
Bliss realU A2 4g Volte face Lock ,"4,299"
BLU Life Mark ,"5,990"
"CASEME Bolt Series Back Cover for iPhone Xs Max - Heavy-Duty Military-Grade Drop Protection with Kickstand Included Belt Clip Holster - 6.5"" Black",10129
"CASEME Bolt Series for iPhone 11 Pro Back Cover Case - Heavy-Duty Military-Grade Drop Protection with Kickstand Included Belt Clip Holster - 5.8"" 2019, Black",10129
"CASEME Bolt Series for iPhone 11 Pro Max Back Cover Case - Heavy-Duty Military-Grade Drop Protection with Kickstand Included Belt Clip Holster - 6.5"" 2019, Black ",10129
"CASEME Dark Series Back Cover for iPhone x, Back Cover for iPhone Xs - Heavy-Duty Drop Protection with Kickstand Included Belt Clip Holster - 5.8"" Black",10129
CAT Phones S61 Rugged Waterproof Smartphone with Integrated FLIR Camera.,"68,499"
Celkon C2233 ,"1,239"
Celkon Diamond U 4G ,"3,712"
Celkon Diamond U Feel 4G ,"3,999"
Celkon Millennia Q450 ,"2,199"
Centric L1 ,10129
Centric P1 ,"3,260"
Centric P1+ ,"4,000"
Comio C1 ,"4,995"
Comio C1 Pro ,"3,490"
Comio P1 ,10129
Comio S1 ,10129
Comio S1 Lite ,"3,999"
Comio X1 ,"4,599"
Comio X1 ,"6,099"
Comio X1 Note ,"7,000"
Coolpad A8 ,"9,999"
Coolpad Cool 1 ,"11,490"
Coolpad Cool 3 ,"5,420"
Coolpad Cool 3 ,"5,675"
Coolpad Cool 3 ,"5,500"
Coolpad Cool 3 4 GB 64GB ,"7,650"
Coolpad Cool 3 Plus ,"5,999"
Coolpad Cool 5 ,"6,999"
Coolpad Mega 2.5D ,"5,989"
Coolpad Mega 2.5D ,"6,999"
Coolpad Mega 5A ,10129
Coolpad Mega 5M ,"2,990"
Coolpad Mega 5M ,"2,947"
Coolpad Note 3s ,10129
"Dazen 6A 4G Volte Phone with Fingerprint Sensor 3GB RAM 5.7-inch 1080p Display, Octa-Core and 13MP/5MP HD Smartphone ","6,099"
"Digistream M1 Series BT 5.0 TWS Twins Earbuds Wireless Bluetooth Earphones with Mic and Portable Earphone Charging Case, Superior Bass with Mu5 High Clarity Sound Speakers","1,695"
Douzo Silk D4 ,"3,299"
Duraxo 3 in 1 Smartphone Stand Holder Screen Wipe and Ballpoint Pen for All Android Mobiles ,10129
Fashionwu 6.3 inch P36 PRO Android Smartphone Dual SIM Face Fingerprint Recognition 6G+128G Mobile Phone Sky White British regulatory,10129
FireTech Tripod for Mobile - 3110 Portable and Foldable Adjustable Aluminum Lightweight Camera Stand with Three-Dimensional Head for Cameras and Mobiles ,10129
FLYZONE SOYES 7S Super Smallest Mini Android Smart Mobile Phone 1GB RAM 8GB ROM 5.0MP Quad Core Dual SIM Dual Standby Unlocked Pocket Cell Phone,"4,999"
Forme R7S ,"4,290"
"frocel Strong Adsorption Gel Pad Desk Sticker Paste Reusable Phone Holder for Wall Car Mobile, Tablet Stand - Pack of 2",10129
Gionee A1 ,"8,799"
Gionee A1 ,10129
Gionee A1 Lite ,10129
Gionee A1 Lite 1618GI ,10129
Gionee Elife E3 ,"6,499"
Gionee F103 Pro ,"5,298"
Gionee F103 Pro 3 GB RAM - White,"5,499"
"Gionee F103 Pro, Gold","5,190"
Gionee F205 ,"4,507"
Gionee F205 ,"4,499"
Gionee F205 Pro ,"4,990"
Gionee F205 Pro ,"4,719"
Gionee F205 Pro ,"4,910"
GIONEE F9 Black ,"6,190"
GIONEE F9 Plus Black ,"7,472"
GIONEE F9 Plus Blue ,"7,496"
Gionee GPad G5 White,10129
Gionee M7 Power ,10129
Gionee M7 Power ,"8,989"
Gionee M7 Power ,"8,890"
Gionee Marathon M5 Lite ,"9,999"
Gionee Marathon M5 Plus ,"8,999"
GIONEE P4S Black,"4,990"
Gionee P5W ,"5,048"
Gionee P5W ,"4,650"
Gionee P5W ,"4,799"
Gionee P7 ,10129
Gionee P7 Max ,"6,999"
Gionee Pioneer P3 ,"3,990"
Gionee S10 LITE ,"6,899"
Gionee S10 Lite Mobile Phone,"5,599"
Gionee S6 Pro ,"9,489"
Gionee s6 Smartphone ,"5,999"
Gionee S6s ,"9,999"
Gionee S6s ,10129
Gionee X1S ,"6,999"
Gionee X1S ,"6,499"
Gome C7 ,"3,999"
Gome C7 Note ,"5,199"
Gome C7 Note ,"5,699"
Google Pixel ,"34,900"
Google Pixel 3 ,"49,999"
Google Pixel 3a ,"34,290"
Google Pixel 3a ,"33,999"
Google Pixel XL ,"31,990"
Hitech Amaze S2 ,"2,895"
HOMTOM H1 ,"3,988"
HOMTOM H3 ,"4,988"
HOMTOM H3 ,"4,999"
HOMTOM H3 3GB + 32GB Dual Camera + Screen Replacement with FP Sensor and Face Unlock with Full Metal Body ,"4,990"
Honor 10 Lite ,10129
Honor 10 Lite ,"10,280"
Honor 20i ,"10,999"
Honor 5X ,"7,900"
Honor 7C ,"9,499"
Honor 7C ,"9,230"
Honor 7C ,"9,699"
Honor 7X ,"11,999"
Honor 8C ,"8,999"
Honor 8C ,"9,508"
Honor 8X ,"9,499"
Honor 8X ,"10,490"
Honor 8X ,"11,999"
Honor 8X ,10129
Honor 8X ,"14,500"
Honor 9 Lite ,"10,990"
Honor 9 Lite ,10129
Honor 9 Lite ,"10,999"
Honor 9 Lite ,"11,125"
Honor 9i ,10129
Honor 9N ,"10,199"
Honor 9N ,"9,499"
Honor 9N ,"10,500"
Honor 9N ,"10,490"
Honor 9N ,10129
Honor 9N ,"11,798"
Honor Bee 4G ,10129
Honor Holly 3 ,"5,499"
Honor Holly 3 ,"6,799"
Honor Holly 3 ,"7,400"
Honor holly 4 plus,"6,999"
"Honor Holly 4 Smartphone, 32GB ","8,199"
Honor Play ,"12,999"
HTC Desire 326G ,10129
HTC Desire 526G Plus ,10129
HTC Desire 626 ,"5,730"
HTC Desire 626 Dual Sim D626h OPM1100 ,"5,999"
HTC Desire 626G+ ,"5,600"
HTC Desire 628 ,"5,799"
HTC Desire 628 Dual SIM ,"6,999"
HTC Desire 628h 2PVG200 Dual Sim,"6,989"
"HTC Desire 630 Smart Phone, White","11,400"
HTC Desire 728 ,"8,590"
HTC Desire 820G Plus ,"9,498"
HTC Desire 820G Plus ,"9,990"
HTC Desire 828 ,"8,990"
HTC Desire 828 ,"9,699"
"HTC One X9 Smart Phone, Carbon Grey","14,770"
HTC Wildfire X ,"12,500"
Huawei Bee ,10129
Huawei Mate 20 Pro GSM Unlocked 6GB RAM 128GB Storage -Twilight,10129
Huawei Mate 30 Pro Phone 8GB RAM 256GB Storage Dual-Sim ,"86,990"
Huawei P30 Lite ,"15,490"
Huawei P30 Pro ,"69,000"
"Huawei P30 Pro Dual SIM - 256GB, 8GB RAM, 4G LTE, Aurora","69,999"
"Huawei P30 Pro Dual SIM - 256GB, 8GB RAM, 4G LTE, Breathing Crystal","69,999"
Huawei Y9 2019 ,"11,990"
Huawei Y9 2019 JKM-AL00a ,"12,969"
Huawei Y9 Prime 2019 ,"15,990"
Hukato Charging Board Flex Cable Ribbon Connector Compatible for Xiaomi Mi4i / Mi 4i,10129
Hukato Sim Card Tray Holder for Oppo F1 Plus F1+ Rose Gold,10129
I Kall 4G Mobile with 1GB Ram and 8GB Internal Memory - Silver,"3,199"
I Kall K1 Smartphone ,"3,199"
I Kall K1 Smartphone 4G Dual Sim 1GB Ram and 8GB Internal Memory - Silver,"3,199"
I Kall K10 ,"4,899"
I Kall K10 Smartphone 4G Dual Sim 4GB Ram and 32GB Internal Memory White,"5,099"
I Kall K110 Smartphone ,"3,699"
I Kall K3 Smartphone 4G Dual Sim 2GB Ram and 16GB Internal Memory Blue,"4,299"
I Kall K3 Smartphone 4G Dual Sim 2GB Ram and 16GB Internal Memory Red,"4,299"
I Kall K300 Smartphone with 5.5 Inch Display and 4G Volte Dual Sim ,"2,999"
I Kall K4 Smartphone ,"3,199"
I Kall K4 Smartphone 4G Dual Sim 2GB Ram and 16GB Internal Memory Blue,"3,199"
I Kall K400 Smartphone ,"5,499"
I Kall K5 Smartphone 4G Dual Sim 2GB Ram and 16GB Internal Memory Blue,"3,199"
I Kall K500 Smartphone ,"5,999"
I Kall K6 Smartphone ,"5,299"
I Kall K6 Smartphone 4G Dual Sim 4GB Ram and 32GB Internal Memory Red,"5,499"
I Kall K600 Smartphone ,"3,199"
I Kall K600 Smartphone 4G Dual Sim 2GB Ram and 16GB Internal Memory Gold,"3,199"
I Kall K7 Smartphone 4G Dual Sim 2GB Ram and 16GB Internal Memory Blue,"3,899"
I Kall K700 Smartphone 4G Dual Sim 4GB Ram and 32GB Internal Memory Green,"5,599"
I Kall K700 Smartphone 4G Dual Sim 4GB Ram and 32GB Internal Memory Red,"5,599"
I Kall K8 Plus ,"3,399"
I Kall K8 Smartphone 4G Dual Sim 2GB Ram and 16GB Internal Memory - Green,"3,499"
I Kall K9 Smartphone 4G Dual Sim 2GB Ram and 16GB Internal Memory Blue,"3,999"
IKALL K1 5 Inch 4G Volte Dual Sim Android Mobile Phone with Selfie Stick ,"3,419"
IKALL K1 5 Inch Display 4G Volte Smart Phone with Fingure Ring Mobile Holder ,"3,229"
IKALL K4 5.45 Inch Display 4G Golden Smartphone with Car Holder ,"3,499"
IKALL K8 5.45 Inch 4G Android Mobile Phone ,"3,899"
IKALL K-9 5.99 Inch Display 4G Smartphone ,10129
InFocus A1 ,"3,940"
InFocus A1s ,"5,299"
"InFocus A1s M505- 1GB RAM,8GB ROM Black Sapphire","3,849"
INFOCUS A3 2GB RAM ,"4,899"
INFOCUS BINGO50 M460,"9,990"
InFocus Hero Smart P1 - White,10129
InFocus M680 ,"10,500"
Infocus M808 ,"7,490"
Infocus M808 ,"5,999"
InFocus M812i ,"7,917"
InFocus Turbo 5 ,10129
InFocus Turbo 5s ,"6,050"
InFocus Vision 3 ,10129
Intex Aqua 4.0 4G ,"2,999.00"
Intex Aqua Amaze+ ,"3,880"
Intex Aqua Amaze+ ,"4,050"
Intex Aqua Elyt Dual ,"4,550"
INTEX Aqua Lions 2 4G volte Smart Phone ,"3,995"
Intex Aqua Lions 3 ,"5,440"
Intex Aqua Lions T1 Plus ,"4,495"
Intex Aqua Power 4G ,10129
Intex Aqua Ring ,"4,499"
Intex Aqua Selfie ,"5,390"
Intex Aqua Selfie ,"6,495"
Intex Aqua Speed HD ,"3,980"
Intex Aqua Style 3 ,"4,999"
Intex Aqua Super ,10129
Intex Aqua Supreme+ ,"4,924"
Intex Aqua Trend Lite ,"4,495"
Intex Aqua Young ,10129
Intex Cloud Crystal 2.5D ,"6,800"
Intex Elyt E6 ,"6,729"
Intex Indie 22 ,"5,433"
Intex Infie 33 ,"3,990"
"I-Smart i1-Jumbo 6.0"" Display Dual Sim 2GB RAM 16 GB Internal Memory Screen Finger Sensor Unlock 4G Volte Jio Support Smartphone Red","4,098"
I-Smart i1-Mega 2GB RAM 16 GB Internal 4G Volte Jio Support Smartphone Red,"3,898"
I-Smart IS-206 Beats Dual Sim GSM Back LED Flash 16 GB Expandable Support 2800mAh Battery Mobile Phone Black,10129
I-Smart IS-206 Beats Dual Sim GSM Back LED Flash 16 GB Expandable Support 2800mAh Battery Mobile Phone Orange,10129
I-Smart is-i1 Dynamite 6.0 Inch Screen Dual Sim 2GB RAM 16 GB Internal 4G Volte Jio Support Smartphone Black,"3,999"
itel A23 2019 ,10129
itel A44 Air ,"3,709"
itel A44 Air ,"3,900"
itel A44 Air ,"4,049"
itel A44 Power ,10129
itel A44 Pro Full Screen Smartphone 16GB 2 GB RAM ,"4,914"
itel A46 ,10129
itel A46 ,"4,999"
itel A62 Smartphone 16GB 2GB ,"5,490"
Itel IT 5020 Mobile Black Colour,10129
Itel it1518 Selfiepro Android 6.0 Marshmallow Smart Phone,10129
Itel IT1520 Mobile In Gold Colour,10129
itel IT-2130 Mobile Phone ,10129
"Itel S42 Smartphone 16GB ROM, 3GB RAM ","7,800"
Itel WISH A41 Smartphone ,10129
itelA21WISH 4G Volte Smartphone,"3,950"
iVOOMi i2 Lite ,"5,114"
iVOOMi iPro ,"3,196"
iVOOMi iV Smart 4G ,"2,299"
iVOOMi Me 1+ iV 505 ,"3,499"
iVooMi Me3 ,"3,839"
iVooMi Me3 ,"3,879"
"iVooMi Mobile i1 Volte Smartphone with Finger Print Sensor 2 GB RAM Model with 5.45-inch 1080p Display, Octa-Core, 16 GB ROM, Reliance Jio 4G Sim Support and 13+2 Mpix and 8Mpix HD","4,499"
iVOOMi Z1 ,"4,999"
Jivi Revolution TnT3 ,"5,252"
JSD PRO Zhiyun Smooth-Q2 ,"10,999"
Karbonn A108 ,"2,195"
Karbonn A40 Indian ,"3,300"
Karbonn A9 Indian ,"3,690"
Karbonn Aura Note 4G ,10129
Karbonn AURA Power 4G ,10129
Karbonn Aura Power 4G ,"5,124"
Karbonn Aura Sleek Plus ,"4,068"
Karbonn Aura Sleek Plus ,"4,999"
Karbonn Frames S9 ,"5,999"
Karbonn K9 Jumbo Mobile Phone,"1,199"
Karbonn K9 Smart Plus ,"3,939"
Karbonn K9 Smart Plus ,"3,999"
Karbonn K9 Smart Selfie ,"4,345"
Karbonn K9 Smart Yuva ,"3,900"
Karbonn K9 Viraat ,"3,499.00"
Karbonn Titanium Frames S7 ,"4,999"
Karbonn Vue 1 ,"4,290"
Karbonn Vue 1 ,"3,199"
Kechaoda K33 Slim Card Size Light Weight and Stylish Dual Sim GSM Mobile Phone ,10129
KECHAODA K60 ,"1,699"
KEKAI Blaze GIO ,"3,700"
Kidsor Me8 Pro4G Volte ,"3,999"
Kult Ambition ,"3,999"
Kult Gladiator ,"5,499"
Kult Impulse KT05 ,"4,999"
Lava A44 ,10129
Lava Iris X1 Atom S ,10129
Lava KKT34 Power ,"1,640"
Lava X38 ,"6,199"
Lava X50+ ,"4,999"
Lava Z25 ,"12,000"
Lava Z50 ,"3,690"
Lava Z51,"4,074"
Lava Z51 ,"4,180"
Lava Z60 ,"6,055"
Lava Z60s ,"4,890"
Lava Z61 ,"4,950"
Lava Z61 ,"5,499"
Lava Z61 ,"4,690"
Lava Z61 ,"4,969"
Lava Z62 ,"5,399"
Lava Z62 ,"5,448"
Lava Z70 ,"7,809"
Lava Z80 ,"4,728"
Lava Z81 ,"6,060"
Lava Z81 ,"6,640"
Lava Z81 ,"6,305"
Lava Z90 ,10129
Lava Z91 ,"7,699"
Lava Z91 ,"8,499"
Lava Z92 ,"6,299"
LAVA Z93 ,"7,999"
"LEAGOO M9 Pro 5.72-inch HD+ IPS Full Screen Display OS Android 8.0 2GB RAM, 16GB ROM, MT6739V/WW, Battery 3000mAh, 4G Global Network Frequency Smartphone - Blue","6,199"
"LEAGOO S8 5.72-Inch HD+ IPS OS Android 7.0 3GB RAM, 32GB ROM, MT6750T Octa Code, Battery 2940mAh, 4G Global Network Frequency Smartphone - ","9,999"
Left brain creation Universal Charger Magic Charger,10129
Lenovo A5 ,"6,699"
Lenovo A5 with Finger print and face unlock ,"6,699"
Lenovo A536 ,"4,500"
Lenovo A6600 ,"5,400"
Lenovo A6600 Plus ,10129
Lenovo A7700 5.5-Inch 4G LTE Smartphone ,10129
Lenovo K6 Note K53a48 ,"9,999"
Lenovo K6 Note K53a48 ,10129
Lenovo K6 Power K33a42 ,10129
Lenovo K8 ,"6,999"
Lenovo K8 Note ,"9,400"
Lenovo K8 Note ,"8,999"
Lenovo K8 Note ,"7,499"
Lenovo K8 Note ,"7,386"
Lenovo K8 Plus ,"6,889"
Lenovo K8 Plus ,"6,799"
Lenovo K9 ,"5,999"
Lenovo K9 ,"5,920"
LENOVO K9 Note 4/64 Black,"7,599"
Lenovo K9 Note 4gb Ram 64gb ROM - Gold,"6,990"
Lenovo Vibe K4 Note ,10129
Lenovo Zuk Z1 ,"8,999.00"
Leoie 6.3 inch P36 PRO Android Smartphone Dual SIM Face Fingerprint Recognition 6G+128G Mobile Phone Gradient Blue U.S. Regulations,10129
Leoie X27/X27 Plus HD Screen Face Recognition Smart Phone with Octa Core Processor 4G+64G Black X27 U.S. Regulations,"3,822.00"
Leoie X27/X27 Plus HD Screen Face Recognition Smart Phone with Octa Core Processor 4G+64G Gradient Red X27 European Regulations,"3,822.00"
Leoie X27/X27 Plus HD Screen Face Recognition Smart Phone with Octa Core Processor 4G+64G Gradient Red X27 Plus U.S. Regulations,"4,014.00"
LG G Flex 2 H955 ,"18,999"
LG G2 ,"22,999"
LG G2 D802 ,"22,999"
LG G3 Beat - D722k - Titan Titan ,"5,999"
LG G3 Stylus ,"6,500"
LG G4 Shiny Gold 32GB,"9,999"
LG G4 Stylus Titan,"5,999"
LG G6 ,"24,900"
LG H422 Spirit ,"3,899"
LG K8 X240I ,10129
LG K9 4G LTE ,"4,999"
LG MOBILES LG D315K 4G LTE F70 ,"3,699"
LG Optimus L7II P713 ,"2,999"
LG Q6 ,"8,948"
LG Q6 ,"7,777"
LG Q6+ ,"9,830"
LG Q6+ ,10129
LG Spirit H442 with 4G LTE ,"3,800"
LG V30+ ,"27,999"
LG V40 ThinQ ,"35,899"
LG W10 ,"8,999"
LG W30 ,"9,999"
"LYF CK LS-5002, Black","3,999"
LYF Earth 1 ,"6,399"
LYF Flame 1 ,10129
LYF Water 11 4G LTE Smartphone ,"6,700"
Lyf Water 4 LS-5005 White 2GB RAM 16GB ROM 13MP 2920 Mah Battery,"4,999"
LYF Water 6 LTE VOLTE 4G Smartphone,"4,985"
LYF Water 8 ,"6,996"
LYF Water 8 4G Volte ,"5,480"
LYF WATER F1S - Dual Sim 4G VoLTE+ ,"9,500"
LYF Wind 1 4G LTE Smart Phone ,"6,460"
LYF Wind 2 LS-6001 Gold 2GB RAM 6 Inches HD Display,"8,800"
Lyf Wind 7i ,10129
"M4 Bluetooth Wireless Smart Fitness Band for Boys/Men/Kids/Women | Sports Watch Compatible with Xiaomi, Oppo, Vivo Mobile Phone | Heart Rate and BP Monitor, Calories Counter by Remixmart™",10129
Maa Laxmi Mobile Vivo Y12 Smartphone ,"9,990"
Meizu C9 ,"3,479"
Meizu C9 ,"3,498"
Meizu C9 Pro,"4,390"
Meizu C9 Pro ,"4,408"
"Meizu C9 Pro 3 GB RAM, 32 GB inbuilt Storage Quad Core, 1.3 GHz Processor ","4,364"
"Meizu C9 Pro 3 GB RAM, 32 GB inbuilt Storage Quad Core, 1.3 GHz Processor ","4,580"
"Meizu Mobiles C9 Black, 2GB RAM, 16GB Storage Mobile Phone",10129
"Meizu Pro 7 Dual Display, Dual Camera ",10129
Meya Happy Air Mini Airdots Wireless Bluetooth Earphones Headphones with Wireless Charging Case | Fully Compatible with Mi Xiaomi Readmi/Air Dots/and All Android and iOS Mpbile Phones,"1,395"
"Meya Happy ML7500 in Ear Wireless Bluetooth Headphone with Microphone | Upto 5 Hours Music Time | Handsfree Headset Compatible with Apple iPhone, Oppo, Vivo, Samsung, Lenovo Mobile Phones and Tablets.",10129
Mi 4i ,"12,999"
Mi 6 Pro ,10129
Mi A2 ,"8,960"
Mi A2 ,"10,799"
Mi A2 ,10129
Mi A2 ,"9,300"
Mi A2 ,"10,999"
Mi A2 ,"9,299"
Mi Max 2 ,"9,999"
Mi Max 2 ,"8,999"
Mi Mi Redmi 5 ,"9,685"
Mi Note 7 Pro ,"12,298"
Mi Note 7 Pro Phone ,"12,309"
Mi Phone Redmi 8 ,10129
Mi Redmi 5 ,"8,420"
Mi Redmi 6A ,"5,679"
Mi Redmi 6A ,10129
Mi Redmi 6A ,"5,999"
Mi Redmi 6A ,"5,799"
Mi Redmi 8 Phone ,10129
"Mi Redmi 8 Ruby Red, 4GB RAM, 64GB Storage Smartphone",10129
Mi Redmi 8 Smartphone ,10129
Mi Redmi 8A Smartphone ,10129
Mi Redmi Note 5 Pro ,"11,438"
Mi Redmi Note 7S ,"9,229"
Mi Redmi -Note 7S ,10129
Mi Redmi Y2 ,"8,800"
Mi Xiaomi Redmi Note 6 Pro ,"9,899"
Micromax Bharat 2 10.16cm,"3,395"
Micromax Bharat 2 Plus ,"2,749"
Micromax Bharat 2 Plus Q402+ ,10129
Micromax Bharat 4 Diwali Edition,"3,640"
Micromax Bharat 4 Diwali Edition Q4002 ,"3,848"
Micromax Bharat 5 Infinity,"4,659"
Micromax Bharat 5 Matte Dark Blue,"4,699"
Micromax Bharat 5 Plus with 2GB RAM-16GB Internal ,"4,499"
Micromax Bharat 5 Pro,10129
Micromax Bharat 5 Pro 5000mAh Smartphone,"5,250"
Micromax Bharat-5 ,"4,399"
Micromax BHARAT5 Infinity Edition Q4204,"4,684"
Micromax BHARAT5 Infinity Edition Q4204 ,"4,740"
Micromax Bolt D320 ,10129
Micromax Bolt Q326 ,"3,295"
Micromax Bolt Q326 Plus ,"3,495"
Micromax Bolt Q326 Plus Lollipop ,"3,195"
Micromax Bolt Q383,10129
MICROMAX Bolt Supreme 4 Q352 Champagne,10129
Micromax Bolt Supreme Q300 ,"2,995"
Micromax Canvas 2 ,"4,830"
Micromax canvas 2 Plus,"5,498"
"Micromax Canvas 2 Plus, Matte Black ","5,720"
Micromax Canvas 2A 2018 ,"6,000"
Micromax Canvas 5 E481 ,"5,699"
Micromax Canvas 6 Pro ,"6,000"
Micromax Canvas Fun A63 ,"2,895"
Micromax Canvas IN8INITY Life,"4,580"
Micromax Canvas Infinity 18:9,"5,100"
Micromax Canvas Juice 2 AQ5001 ,"6,495"
Micromax Canvas Knight 2 E471 ,"6,275"
Micromax Canvas Knight Cameo A290 ,"3,999.00"
Micromax Canvas Play 4G | Q469 | Moon Dust Grey,"4,499"
Micromax Canvas Selfie 3,"4,489"
Micromax Canvas Selfie A255 ,"3,999"
Micromax Canvas Turbo Mini A200 ,"4,995"
Micromax Canvas Xpress A99 ,"5,495"
Micromax Dual 5 E4820 ,"9,699"
Micromax E451 Canvas Pulse 4G Grey,"4,490"
Micromax Infinity N11 N8216 ,10129
Micromax Infinity N12 ,"6,790"
Micromax Infinity N12 ,"6,759"
Micromax Infinity N12 ,"6,690"
Micromax iOne Notch ,"3,898"
Micromax Mad A94 ,"9,999"
Micromax Q4002 ,10129
MICROMAX Q411 Grey,10129
Micromax Q413 Express 4G Anniversary Edition ,"3,899"
Micromax Selfie 2 Q4311 ,"4,999"
Micromax Unite 3 Q372 ,"4,995"
Micromax Unite 3 Q372 ,10129
Micromax Vdeo 2 ,"4,820"
Micromax Vdeo 2 Q4101 ,"3,500"
Micromax Vdeo4 4GLte 8Gb 4000mAh Battry ,"4,247"
Micrommax X725 Dual Selfie Camera Mobile Phone,"1,288"
Microsoft Lumia 550 4G ,"5,999"
Microsoft Lumia 950 XL ,"20,999"
Mobiistar C1 ,"4,598"
Mobiistar C1 ,"4,846"
Mobiistar C1 2GB Ram 16GB ROM Gold,"3,970"
Mobiistar C1 Lite ,"3,779"
MobiiStar C1 Lite ,"3,499"
Mobiistar C1 Lite ,"3,350"
Mobiistar C1 Shine ,10129
Mobiistar C1 Shine ,"4,187"
Mobiistar C1 Shine ,"4,030"
Mobiistar C2 ,"4,530"
Mobiistar C2 ,"4,340"
"Mobiistar E1 Selfie Dual Sim/Android 8.1 Oreo/1.3 GHz Quad Core/5.45"" 18:9 HD+ IPS Display/13MP Selfie Cam/13MP Rear Cam/4G VoLTE/3GB/32GB/Metal Unibody/Fingerprint Sensor/Face Unlock/Black","4,998"
"Mobiistar X1 Dual/Android 8.1 Oreo/1.3 GHz Quad Core/5.7"" 18:9 HD+ Display/13MP+8MP Dual Selfie/13MP Rear Cam/Dual Sim/4G VoLTE/3GB/32GB/Blue","6,499"
Mobiistar X1 Notch Gradient Shine ,"5,899"
Mobiistar X1 Notch Gradient Shine ,"4,899"
Mobiistar X1 Notch Gradient Shine ,"5,199"
Mobiistar X1 Notch Midnight Black ,"4,799"
Mobiistar X1 Notch Sapphire Blue ,"6,200"
Mobiistar X1 Notch Sapphire Blue ,"5,555"
Mobiistar X1 Selfie ,"6,997"
Mobiistar XQ Dual Black,"5,100"
Mobistar MOBIISTAR C2 ,"4,929"
"Mobistone M4 Fitness Watches Smart Band BT Bluetooth Wireless for Boys/Men/Kids/Women, Sports Watch Compatible with Xiaomi, Oppo, Vivo Mobile Phone Heart Rate and BP Monitor, Calorie Counter",10129
Moto C Plus ,10129
Moto C Plus C Plus ,10129
Moto E5 Plus ,"9,499"
Moto E5 Plus ,10129
Moto E5 XT1944 ,"7,290"
Moto E5 XT1944-5 ,"7,290"
Moto E6s ,10129
Moto E6s ,"7,495"
"Moto G, 4th Gen ",10129
Moto G5 Plus ,10129
Moto G6 ,"10,069"
Moto G6 ,"9,198"
Moto G6 Plus ,"12,359"
Moto G7 White 4+64,10129
Motorola G5s Plus ,"10,790"
Motorola G5s Plus ,"10,899"
Motorola G6 Play PA9V0000GB ,"8,490"
Motorola G7 Power ,10129
Motorola Moto G7 ,10129
Motorola Moto M ,"9,550"
Motorola Moto One ,"10,349"
Motorola Moto ONE ,"10,420"
Motorola Moto X4 ,10129
Motorola Moto X4 Smartphones ,"14,749"
Motorola One Action ,10129
Motorola One Power P30 ,"13,490"
Motorola X4 XT1900-2 ,"14,879"
Motorola Z with Style Mod ,"13,999"
"mykart Diolo Aluminium Alloy Tripod/Camera Mount Stand Holder for Mobile Phones and Camera, 360 mm -1050 mm, 1/4 inch Screw and Mobile Holder Bracket 360 Degree Panorama Ball Head for Travel and Work",10129
Nillkin Case for Apple iPhone 11 Pro Max ,10129
Nillkin Case for Oppo Realme Real Me 5 Pro Super Frosted Hard Back Cover PC Red Color,10129
Nillkin Case for Xiaomi Redmi Note 8 Pro ,10129
Nillkin Tempered Glass for Xiaomi Mi A3 A 3 Amazing H+ Pro Explosion Proof Screen Protect + Camera Film,"1,099"
Nokia 1 ,"4,199"
Nokia 1 ,10129
Nokia 2.1 ,"5,900"
Nokia 2.1 ,"7,199"
Nokia 2.1 Blue-Silver,"5,395"
Nokia 2.2 2/16 Black,"5,089"
Nokia 2.2 2/16 Steel,"5,257.00"
Nokia 2.2 Black 3/32,"6,152"
Nokia 3 ,"5,699"
NOKIA 3 ,"6,990"
Nokia 3.1 ,"6,991"
Nokia 3.1 ,"6,490"
Nokia 3.1 ,"6,738"
Nokia 3.1 ,"7,490"
Nokia 3.1 Plus ,"6,731"
Nokia 3.1 Plus ,"7,490"
Nokia 3.1 Plus ,"7,998"
Nokia 3.2 ,"6,275"
Nokia 3.2 ,"7,990"
Nokia 3.2 ,"6,268"
Nokia 3.2 ,"7,811"
Nokia 3.2 ,"7,648"
Nokia 4.2 ,"6,975"
Nokia 4.2 ,"9,400"
Nokia 5 3GB Ram 4G LTE Volte Ready 5.2 Inch Screen Tempered Blue Colour Mobile Phone ,"7,800"
Nokia 5.1,"12,199"
Nokia 5.1,"8,390"
Nokia 5.1 Plus ,"9,096"
Nokia 5.1 Plus ,"8,290"
Nokia 5.1 Plus ,10129
Nokia 5.1 Plus ,"10,480"
Nokia 5.1 Plus DS 6GB 64GB ,"10,899"
Nokia 6.1 ,10129
Nokia 6.1 ,"9,497"
Nokia 6.1 ,"11,199"
Nokia 6.1 Plus,10129
Nokia 6.1 Plus 4GB Ram 64GB ROM - Blue,10129
Nokia 7.1_BL ,"11,279"
Nokia 7.2 ,"16,900"
Nokia 7.2 ,"18,590"
Nokia 7.2 4GB 64GB Charcoal,"17,990"
Nokia 9 PureView ,"49,998"
Note 7 Pro ,"10,387"
Note 7 Pro ,"10,496"
Note 7 Pro ,"14,699"
Note 7 Pro ,10129
Nuvo Alpha ,"1,999"
NUVO Blue ND-40,"2,393"
NUVO Green ND-45,"2,498"
OnePlus 5 ,"26,999"
OnePlus 5T ,"29,999"
OnePlus 7 ,"34,999"
OnePlus 7 Pro ,"42,999"
OnePlus 7 Pro ,"39,999"
OnePlus 7T ,"37,999"
OnePlus 7T ,"34,999"
OnePlus 7T Pro ,"53,999"
OnePlus 7T Pro McLaren Limited Edition ,"58,999"
"OOOUSE Mini Card Cell Phone, Smallest Long Standby Mini Tiny Mobile Cell Phone Bluetooth Dialer 0.66 inch MP3 SMS Voice Changer with Magical Sound ","1,369"
OPPO A1K ,"7,490"
Oppo A3 Mobile Phone,"8,300"
Oppo A37 ,10129
OPPO A3s ,"7,790"
OPPO A3s ,10129
OPPO A5 ,"11,990"
OPPO A5 ,10129
OPPO A5 2020 ,"11,990"
OPPO A5 2020 ,"13,990"
Oppo A57 ,"8,990"
OPPO A5S ,"10,990"
OPPO A5S ,"8,990"
OPPO A5S ,"8,490"
OPPO A5S ,"11,779"
OPPO A7 ,"9,990"
OPPO A7 ,"11,999"
OPPO A71 ,"8,990"
OPPO A71 ,"8,979"
Oppo A71k ,"9,390"
OPPO A83 ,"7,999"
OPPO A83 ,"6,899"
OPPO A83 ,"9,890"
Oppo A83 ,10129
Oppo A83 CPH1729 ,"8,990"
OPPO A9 ,"11,990"
OPPO A9 2020 ,"18,490"
OPPO A9 2020 ,"15,990"
OPPO F1 ,10129
OPPO F1 Plus ,10129
OPPO F11 ,"14,990"
Oppo F1S ,"14,990"
Oppo F1S ,"15,000"
Oppo F1S ,10129
Oppo F3 Plus ,"14,990"
Oppo F5 ,"14,900"
Oppo F5 Youth ,"13,990"
Oppo F7 ,"13,990"
OPPO F7 ,"19,989"
Oppo F7 ,"18,999"
Oppo F9 ,"12,999"
Oppo K1 6GB Ram 64GB ROM Piano Black,"14,870"
OPPO K3,"15,990"
OPPO K3 ,"18,990"
OPPO K3 ,"19,990"
OPPO Realme 5 Pro ,"12,389"
OPPO REALME X ,10129
Oppo Realme X Phone ,10129
OPPO Reno2 F ,"23,990"
OPPO Reno2 Z ,"25,990"
Oppo Reno2 Z ,"24,990"
"Panasonic ELUGA I2 4G 3GB RAM, Metalic Silver","8,500"
Panasonic Eluga I3 Mega ,"7,999"
PANASONIC ELUGA I4 BLACK,10129
Panasonic Eluga I9 EB-90S50EY9N ,"5,999"
Panasonic Eluga P9 EB-90S50P09N ,"5,499"
Panasonic Eluga Pulse X EB-90S55EPXR ,"9,999"
Panasonic Eluga Ray 550 ,"5,990"
Panasonic Eluga Ray 800 ,"6,498"
Panasonic Eluga Ray Max ,"6,890"
Panasonic Eluga X1 ,"8,898"
Panasonic Eluga X1 ,"8,899"
Panasonic Eluga X1 Pro ,"29,999"
Panasonic P100 ,"5,499"
Panasonic P101 ,"4,799"
Panasonic P101 ,"6,999"
Panasonic P85 NXT ,"4,499"
Panasonic P99 ,"5,499"
Phicomm Clue 3 Plus ,"4,999"
Phicomm Clue 3+ ,"3,980"
Planetcart Santa Barbara Polo and Racquet Club Elegant Xavier Back Case Cover for Apple iPhone X/Xs ,10129
Poco F1 ,10129
Poco F1 by Xiaomi ,"14,999"
Poco F1 by Xiaomi ,"18,999"
Poco F1 by Xiaomi ,"16,399"
"Prakal Retro Antique Landline Phone with Blue Backlight - Ergonomic Design Round Buttons - Double Placement,Bottom Non-Slip Mat and Wall-Mounted Design",10129
"Reach Allure Admire Champagne 4.5 "" Display 1GB+8GB, 4G VoLte Android Nougat 7.0 Smart Phone","2,790"
"Reach Allure Rise Smartphone Mobile with HD IPS Display, Toughened Glass, 3GB RAM, Face Unlock ","3,487"
"Reach Bliss Smartphone with HD IPS Display, Toughened Glass, 3GB RAM, Face Unlock ","4,299"
realem Realme 5 Pro ,10129
realem Realme 5 Pro Phone ,name_name
realem Realme 5 Pro Phone ,10129
Realme 2 ,10129
Realme 2 Pro ,10129
Realme 3 ,10129
Realme 3 Pro ,10129
Realme 3i ,10129
Realme 3i 3Gb 32Gb ,10129
Realme 5 ,10129
REALME 5 3Gb 32Gb ,10129
Realme 5 4gb 64gb ,10129
Realme 5 Pro ,10129
Realme 5 Pro ,"15,999"
Realme 5s ,"11,980"
Realme 5s ,"12,588"
Realme 5s 4Gb 128Gb ,"12,860"
Realme 5s 4Gb 128Gb ,"12,499"
Realme 5s 4Gb 64Gb ,10129
Realme C1 ,"7,800"
Realme C1 ,"8,799"
Realme C2 ,10129
Realme C2 2GB 32GB ,10129
Realme C2 32GB ,10129
Realme U1 ,"7,999"
Realme U1 ,"8,999"
Realme U1 ,"9,999"
Realme X2 Pro ,"29,881"
Realme X2 Pro ,"29,998"
Realme X2 Pro ,10129
Realme X2 Pro ,"35,739"
realme X2 Pro ,"31,100"
Realme XT ,10129
Red Mi Note 5 Smartphone ,10129
Red Mi Redmi Note 5 Pro ,10129
Redmi 5 ,10129
Redmi 5 ,"9,975"
Redmi 6 ,"7,619"
Redmi 6 ,"8,990"
Redmi 6 Pro ,10129
Redmi 6 Pro ,"8,259.00"
Redmi 6 Pro ,"8,148"
Redmi 6 Pro ,"8,999"
Redmi 7 ,"7,999"
Redmi 7A ,"4,999"
Redmi 7A ,"5,499"
Redmi 8A 2GB 32GB ,10129
Redmi 8A 3GB 32GB ,"7,340"
Redmi Go ,10129
Redmi Go ,"4,689"
Redmi K20 ,"19,997"
Redmi Mi Note 6 Pro ,"10,999"
Redmi Mi Note 6 Pro ,"10,899"
Redmi Mi Note 6 Pro ,"9,849"
Redmi Mi Note 6 Pro ,"9,895"
Redmi Mi Redmi Note 7S Phone ,"9,396"
Redmi Mi Xiaomi Note 6 Pro Phone ,"9,549"
Redmi Note 5 ,"9,299"
Redmi Note 5 Pro ,"11,780"
Redmi Note 5 Pro ,"11,400"
Redmi Note 5 Pro ,"9,899"
Redmi Note 5 Pro ,"10,500"
Redmi Note 5 Pro ,"9,988"
Redmi Note 5 Pro ,"11,495"
Redmi Note 5 Pro ,"11,500"
Redmi Note 5 Pro ,"9,800"
Redmi Note 6 Pro ,10129
Redmi Note 6 Pro 64GB ,"11,000"
Redmi Note 7 ,"10,331"
Redmi Note 7 ,"10,800"
Redmi Note 7 ,"10,845"
Redmi Note 7 Pro ,"12,996.00"
Redmi Note 7 Pro ,"14,049"
Redmi Note 7 Pro ,"14,490"
Redmi Note 7 Pro ,"14,930"
Redmi Note 7S ,"9,345"
Redmi Note 7S ,"9,410"
Redmi Note 7S ,10129
Redmi Note 8 ,"9,999"
Redmi Note 8 ,"12,999"
Redmi Note 8 Pro ,"15,999"
Redmi Note 8 Pro ,"14,999"
Redmi Note 8 Pro ,"17,999"
Redmi Xiaomi Note 7 Pro Phone ,"10,460"
Redmi Xiaomi Redmi Note 7 Pro ,10129
Redmi Y1 ,"7,999"
Redmi Y2 ,10129
Redmi Y2 ,"7,999"
Redmi Y2 ,"8,999"
Redmi Y2 ,"10,999"
Redmi Y3 ,"7,999"
Redmi Y3 ,"10,499"
Redmi Y3 ,"8,608"
Redmi Y3 ,"8,435"
Safety Airbags Case dFor IP 11 and IP XR 6.1inch - Transparent Black,10129
Safety Airbags Case for IP 11 and IP XR 6.1inch - Transparent,10129
Safety Airbags Case for IP 11 and IP XR 6.1inch - Transparent Gold,10129
Safety Airbags Case for IP 11 Pro Mx 6.5inch - Transparent Gold,"1,299"
Samsung A70s 6GB Black + Samsung Wireless Earphone with Flexible Neck Band,"30,598"
Samsung A70s 6GB Blue + Samsung Wireless Earphone with Flexible Neck Band,"30,598"
Samsung A70s 6GB Green + Samsung Wireless Earphone with Flexible Neck Band,"30,598"
Samsung A70s 8GB Black + Samsung Wireless Earphone with Flexible Neck Band,"32,598"
Samsung A70s 8GB Blue + Samsung Wireless Earphone with Flexible Neck Band,"32,598"
Samsung A70s 8GB Green + Samsung Wireless Earphone with Flexible Neck Band,"32,598"
Samsung Galaxy A10s ,"8,499"
Samsung Galaxy A10s ,"9,499"
Samsung Galaxy A10s + Samsung Wireless Earphone with Flexible Neck Band,"10,098"
Samsung Galaxy A10s + Samsung Wireless Earphone with Flexible Neck Band,"21,598"
Samsung Galaxy A10s + Samsung Wireless Earphone with Flexible Neck Band,"23,598"
Samsung Galaxy A2 Core ,"5,290"
Samsung Galaxy A20 ,"9,994"
Samsung Galaxy A30 ,"13,990"
Samsung Galaxy A30s ,"15,999"
Samsung Galaxy A5 SM-A510FZDFINS ,"15,500"
Samsung Galaxy A50 ,"16,999"
Samsung Galaxy A50 ,"17,990"
"Samsung Galaxy A50 Black, 6GB RAM, 64GB Storage",10129
Samsung Galaxy A50s ,"21,999"
Samsung Galaxy A50s ,"19,999"
Samsung Galaxy A6 Plus ,"17,900"
Samsung Galaxy A7,10129
Samsung Galaxy A7 ,10129
Samsung Galaxy A8 Star ,10129
Samsung Galaxy A8+ ,10129
Samsung Galaxy A8+ ,"18,998"
Samsung Galaxy A80 ,"39,990"
Samsung Galaxy A9 ,10129
Samsung Galaxy A9 ,"25,999"
Samsung Galaxy C7 Pro ,"17,900"
Samsung Galaxy C7 Pro ,"17,600"
Samsung Galaxy C7 Pro ,"17,500"
Samsung Galaxy C9 Pro ,"28,900"
Samsung Galaxy J2 Core ,"6,390"
Samsung Galaxy J4 ,"9,200"
Samsung Galaxy J4 ,"8,499"
Samsung Galaxy J5 Prime SM-G570F ,"11,990"
Samsung Galaxy J7 Duo ,"12,700"
Samsung Galaxy J7 Pro SM-J730GM ,"15,990"
Samsung Galaxy M10s ,"8,499"
Samsung Galaxy M20 ,"9,999"
Samsung Galaxy M20 ,"10,499"
Samsung Galaxy M30 ,"9,499"
Samsung Galaxy M30 ,"11,999"
Samsung Galaxy M30 ,"15,999"
Samsung Galaxy M30s ,"13,999"
Samsung Galaxy M30s ,"16,999"
Samsung Galaxy M40 ,"16,999"
Samsung Galaxy Note 10 ,"69,999"
Samsung Galaxy Note 8 ,"74,000"
Samsung Galaxy Note 9 ,"44,999"
Samsung Galaxy Note 9 ,"51,990"
Samsung Galaxy Note 9 ,10129
Samsung Galaxy S10 ,"76,900"
"Samsung Galaxy S10 Plus Black, 8GB RAM, 128GB Storage",10129
"Samsung Galaxy S10 Plus Dual Sim - 128GB, 8GB RAM, 4G LTE, Prism White",10129
Samsung Galaxy S10e ,"47,900"
"Samsung Galaxy S10e 128GB+6GB RAM SM-G970 Dual Sim 5.8"" LTE ","48,999"
Samsung Galaxy S8+ ,10129
Samsung Galaxy S9 ,10129
Samsung Galaxy S9 Plus ,10129
Samsung Galaxy S9 Plus ,"49,990"
Samsung Galaxy S9 Plus ,"41,990"
Samsung Galaxy S9 SM-G960FZBDINS ,10129
seatel V8A 4G-VOLTE 4.7 Inch Display Smartphone ,"3,349"
"Sekyo Smart Kids GPS Tracking Watch with 4G SIM, Mobile Tracking, sos, Calling Function for Kids Safety ","2,799"
SHIVANSH I-Smart i1MEGA 4G Volte Smartphone 5 inch 2GB Ram 16 G ROM ,"3,999"
SHIVANSH I-Smart IS-55 4G Grand Smartphone 2GB RAM 16 GB ROM ,"2,999"
SHIVANSH I-Smart IS-56 4G Bold Smartphone 2GB RAM 16 GB ROM ,"2,999"
SHIVANSH Phicomm Clue 3+ 4g Volte Smartphones,"3,333"
SHIVANSH realU 4g Volte jio SIM Working ,"3,720"
SHIVANSH Silk D4 Douzo 4g Volte Smart Phone 4 inch Display ,"2,620"
SHIVANSH YU YUTOPIA YU5050 5.2-inch Display Smartphones,"5,100"
Skyshop Melrose 4G LTE Volte World's Smallest Credit Card Size Mini Smartphone Android 7.0 Quad Core 2GB and 32GB 1580mAh Dual Camera Fingerprint Mobile Phone,"6,999"
Skyshop Soyes XS 4G LTE Luxury Metal Body Mini Smartphone Android 6.0 Face ID Dual Sim Quad Core 2GB and 16GB Dual Camera Mobile Phone ,"5,999"
Smartron tphone T5511 ,"5,988"
Sony Xperia E4 ,"5,999"
Sony Xperia R1 Dual ,"9,990"
SSKY Reaching life Y888 ,"4,899"
"SSKY Reaching life,Y888 ","4,899"
"SSKY X-2 Pro, 2GB RAM & 16GB Storage, 6.26 Inch IPS Display with 3000mAh Battery Mobile Phone ","5,199"
Surya Homtom H1 2GB + 16GB Dual Camera Volte Smartphone with FP Sensor and Face Unlock with Full Metal Body in Black Color,"3,980"
"Surya iVooMi model i1 VoLTE phone with Finger Print Sensor 2 GB RAM Model with 5.45-inch 1080p display, Octa-Core, 16 GB ROM ","4,290"
Surya Kekai 6-S 4G Smartphone Model ,"2,999"
"Surya Kekai Model Candy Gio 4G Volte with 1 GB RAM Model with 5.5-inch 1080p Display, ","3,690"
"Surya Kekai Model Spark Gio 4G Volte with 1 GB RAM Model with 5.5-inch 1080p Display, ","3,980"
"Surya Kekai Spark Gio 4G Volte with 1 GB RAM with 5.5-inch 1080p Display, ","3,849"
Surya Kenxinda R6 5.2 Inch Display 4G Smartphone ,"3,990"
Surya Lychee Lable 4G Volte 5.5 Inch Display 4G Smartphone ,"3,490"
Surya Nuu M3 4G Volte Smartphone with 3GB RAM 32GB ROM 5.5” Touchscreen IPS Display Mobile ,"4,400"
"Surya Nuu M3 4G Volte Smartphone with 5.5"" Touchscreen Display , Jio4G Support ","4,449"
Surya SEATEL Model L4 Volte 4.0-inch ,"2,799"
Surya SEATEL Model V8A Volte with 1GB RAM with 4-inch ,"2,999"
Surya Smartron T5511 Volte ,"5,988"
Surya T5511-Grey-VoLTe Smartphone ,"5,999"
Surya Tashan TS-761 4G ,"3,289"
Surya Tashan TS-761 4G ,"3,290"
Surya Tashan TS971 4G Volte ,"3,460"
Swipe Elite 2 Plus 2017 ,"7,478"
Swipe Elite Pro ,"4,399"
Swipe Elite Sense ,"3,781"
Swipe Elite Sense ,"4,499"
Swipe Elite Sense 4G Mobile Phone Gold,"5,199"
Swipe Elite VR ,"3,599"
Swiss Voice Epure CH-01 Mobile Handset ,"1,499"
TASHAN TS 880 3G Smart Phone Colour - Gold,"2,740"
"Techstream ID115 Plus Bluetooth Fitness Band Smart Watch Tracker with Heart Rate Sensor Activity Tracker Waterproof Body Functions Like Steps and Calorie Counter, Blood Pressure, OLED Touchscreen",10129
Tecno Camon I ,"7,999"
"Tecno Camon I Air Dual Sim Android SmartPhone 2GB,16GB RAM,13MP Camera,Finger Print Sensor","5,100"
TECNO Camon I Ia5 Twin Smartphone,"6,599"
Tecno Camon i2 ,"7,000"
Tecno Camon i2x ,"9,995"
Tecno CAMON i4 ,"6,790"
Tecno CAMON i4 ,"8,900"
Tecno CAMON i4 ,"6,990"
Tecno CAMON i4 ,"10,999"
Tecno Camon iAce ,10129
Tecno Camon iAce 2 ,"4,430"
Tecno Camon iAce 2 ,"4,500"
Tecno Camon iAce 2 ,"4,799"
Tecno Camon iAce 2X ,"5,470"
Tecno Camon iAce 2X ,"5,418"
Tecno Camon iAir ,10129
Tecno Camon iAir ,"6,199"
Tecno Camon iAir2+ ,"7,490"
Tecno Camon iClick2 ,"8,999"
Tecno Camon iClick2 ,"9,150"
Tecno Camon iSky ,"5,990"
Tecno Camon iSky2 ,"5,250"
Tecno Camon iSky2 ,"5,300"
Tecno CAMON iSKY3 ,"6,680"
Tecno CAMON iSKY3 ,"6,840"
"TECNO i3 Dual Sim Android 7.0 Nougat Mobile Phone with 1.3 GHz MediaTek MT6737 Processor, 8 MP 5-inch Screen ",10129
Tecno Mobile I5 Pro ,"10,549"
Tecno Spark 4 Air ,10129
Tecno Spark Go ,"5,198"
Tecno Spark Go ,"5,348"
Tiitan Holdings India 4G Smartphone Wow T54 with Face Unlock ,"3,749"
Vivo 1812 Y81i ,"7,890"
Vivo NEX ,"30,950"
Vivo S1 ,"15,990"
Vivo S1 ,"15,840"
Vivo U10 ,"9,990"
Vivo U10 ,"8,990"
Vivo U10 ,"9,490"
Vivo U20 ,"11,990"
Vivo U20 ,"10,990"
Vivo V11 ,"16,590"
Vivo V11 Pro ,"16,990"
Vivo V11 Pro 1804 ,"16,990"
Vivo V15 ,10129
Vivo V15 Pro ,"19,990"
Vivo V15 Pro ,"26,990"
Vivo V15 Pro ,10129
Vivo V15 Pro ,"23,990"
Vivo V17 ,"22,990"
Vivo V17 ,"22,950"
Vivo V17 Pro ,"27,990"
Vivo V17 Pro ,"25,990"
Vivo V17 Pro ,"25,950"
"VIVO V3 Smartphone, Gold",10129
Vivo V5s ,"15,000"
Vivo V7+ ,"16,999.00"
Vivo V7+ ,10129
Vivo V9 ,10129
Vivo V9 ,"18,000"
Vivo V9 Pro ,"12,999"
Vivo V9 Youth ,"13,890"
Vivo V9 Youth ,"12,900"
Vivo X21 ,"17,990"
Vivo Y12 ,"9,990"
Vivo Y12 ,"9,900"
Vivo Y12 Aqua Blue ,10129
Vivo Y12 Burgundy Red ,10129
Vivo Y15 ,"11,990"
Vivo Y15 4 GB ROM ,10129
Vivo Y17 ,"13,990"
Vivo Y19 ,"13,990"
Vivo Y19 ,"13,870"
Vivo Y19 ,10129
Vivo Y31L ,10129
Vivo Y51L ,10129
Vivo Y53 ,10129
Vivo Y53i 1606 ,10129
Vivo Y55S ,"7,999"
Vivo Y55s ,"11,999"
Vivo Y66 ,"8,490"
Vivo Y66 ,10129
Vivo Y69 ,10129
Vivo Y69 ,"11,149"
Vivo Y71 ,10129
Vivo Y71 ,"10,499"
Vivo Y81 ,10129
Vivo Y81 ,"9,490"
Vivo Y83 ,"11,950"
Vivo Y83 Pro ,"11,999"
Vivo Y83 Pro ,"11,999.00"
Vivo Y83 Pro ,"12,699"
Vivo Y90 ,"6,490"
Vivo Y90 ,10129
Vivo Y91 ,"8,490"
Vivo Y91 1816 ,"10,488"
Vivo Y91 1816 ,10129
Vivo Y91i ,"6,990"
Vivo Y91i ,10129
Vivo Y93 1815 ,"10,650"
Vivo Y95 ,"12,099"
Vivo Y95 ,"11,990"
Vivo Z1x ,10129
Vkworld India Gadgets - 32 Gb Dual Sim Mix Mobile Phone: 5. 5 Inch Bezel Less Screen: Android 7. 0 - Blue,"6,950"
Wing Case for Apple IP 11 and IP XR 6.1inch - White,10129
Wing Case for IP 11 Pro Max 6.5inch - Transparent Black,10129
Xccess A1 Elite Unibody Design GSM Mobile Handset ,"3,699"
XCCESS-JUST CONNECT A101 Pulse and X493 Selfie Dual SIM - Set of 2 Phones,"3,219"
Xiaomi Mi A2 ,"8,960"
Xiaomi Mi A2 ,"9,170"
Xiaomi Mi A2 ,"12,978"
Xiaomi Mi A3 ,"12,499"
Xiaomi Mi A3 ,"15,499"
Xiaomi Mi A3 ,"12,999"
"Xiaomi Mi A3 4GB RAM, 64GB Storage ","12,895"
Xiaomi MI Redmi Note 7S 32GB/3GB ,10129
Xiaomi Redmi 6 Pro ,"11,788"
Xiaomi Redmi 6 Pro ,"10,999"
Xiaomi Redmi 6A ,"5,830"
Xiaomi Redmi 7A ,"5,680"
Xiaomi Redmi 7A ,"5,799"
Xiaomi Redmi K20 ,"19,667"
Xiaomi Redmi K20 ,"22,999"
Xiaomi Redmi Note 3 ,"7,499"
Xiaomi Redmi Note 7 Pro ,10129
"Xifo Billion Capture Plus 4GB RAM with 5.5"",Display,4GB RAM with 13+13 MP Dual Rear Camera /16 Mpix Smartphone in Gold Colour","6,490"
Xifo Douzo Model Knight D51 4G Volte with 1 GB RAM Model with 5.0-inch ,"3,250"
Xifo Douzo Model Silk D4 4G Volte with 1 GB RAM Model with 4.0-inch ,"2,870"
"Xifo Fluo X2 Max 6.19"" Notch Display with 3GB RAM 32GB Dual Camera 4G Volte Smartphone with Finger Print Sensor in Dark Purple","5,950"
Xifo Homtom H5 3GB + 32GB Dual Camera 4G Volte Smartphone with FP Sensor and Face Unlock with Full Metal Body in Gold Colour,"4,999"
"Xifo Homtom H5 3GB, 32GB Dual Camera 4G Volte Smartphone with FP Sensor and Face Unlock with Full Metal Body in Golden","5,049"
Xifo Ismart Epic 4G Volte 5.5 Inch Display 4G Smartphone ,"3,790"
Xifo Ismart i-1 Dynamite 4G Volte ,"4,090"
Xifo Ismart i1 Mini 4G Volte ,"3,699"
Xifo Ismart i1 Mini 4G Volte ,"3,918"
Xifo Ismart Model Jumbo 4G Volte ,"4,090"
Xifo Ismart Model Jumbo 4G Volte ,"4,097"
Xifo Ismart Model Mini 4G Volte ,"3,490"
Xifo iVooMi Model i1 Volte Phone ,"4,099"
Xifo iVooMi Model i1 Volte Phone ,"4,280"
Xifo iVooMi Model i1 Volte Phone ,"4,448"
Xifo iVooMi Model I-pro Volte Phone ,"3,290"
Xifo Kekai Eco Gio 4G Volte 5.0 Inch Display 4G Smartphone ,"3,688"
Xifo Kekai Model Blaze Gio 4G ,"3,840"
Xifo Kekai Model Blaze Gio 4G ,"3,848"
Xifo Kekai Model S5 Gio 4G ,"3,849"
Xifo Kekai S10 Plus 4G Volte 5.0 Inch Display 4G Smartphone ,"3,688"
Xifo Nuu M3 4G Volte 4G Smartphone with 3GB RAM 32GB ROM 5.5” Touchscreen Display Mobile ,"4,440"
Xifo Phicomm Clue 3+ ,"3,987"
Xifo Raeno Model 4G-F2 with 5 Inch Display 4G Smartphone ,"3,690"
Xifo Raeno R4 4G Smartphone ,"3,288"
Xifo Ringme ME 10 Pro with 5.99 Inch Display 4G Smartphone Blue ,"3,998"
Xifo Ringme ME10 Pro 5.99 Inch Display 4G Smartphone Blue ,"3,998"
Xifo Ringme Model R10 Pro 5.99 Inch Display 4G Smartphone Blue ,"3,998"
Xifo Ringme R1 5.5 Inch Display 4G Smartphone Blue ,"3,870"
Xifo Ringme R10 Pro 5.99 Inch Display 4G Smartphone Blue ,"3,999"
"Xifo Ringme Reno Plus 6.26"" Notch Display with 2GB RAM 16GB ","4,650"
Xifo Shomi 7Pro 4G Volte 5.5 Inch Display 4G Smartphone ,"3,450"
Xifo Smartron T5211 Volte ,"5,230"
Xifo Smartron T5511 Volte ,"5,988"
Xifo Spinup Model A1 Plus 4G Smartphone ,"3,280"
Xifo Tashan TS-761 4G ,"3,289"
Xifo Tashan TS971 4G Volte ,"3,487"
Xifo Tashan TS981 4G Volte 5.72 Inch Display 4G Smartphone ,"3,850"
Xifo Tashan TS981 4G Volte 5.72 Inch Display 4G Smartphone ,"3,987"
Xifo Tecno Model Camon-I 3GB RAM 32GB Dual Camera 4G Volte Smartphone with FP Sensor and Face Unlock in Blue Colour,"5,980"
Xifo Tecno Model Camon-I 3GB RAM 32GB Dual Camera 4G Volte Smartphone with FP Sensor and Face Unlock in Gold Colour,"5,980"
Xifo Uinitel Model 4G-F2 with 5 Inch Display 4G Smartphone ,"3,750"
Xolo Era 3X ,"6,790"
XOLO ERA 4X 2GB ,"4,599"
XOLO ERA 4X 2GB ,"6,388"
Xolo Era 5X ,"5,699.00"
Xolo Q1000 Opus ,"4,000"
Xolo Q700S Plus ,"5,495"
Xolo Q800 X-Edition ,"4,000"
XOLO ZX ,"7,999"
XOLO ZX ,"9,999"
YU 6000 Yureka Note ,"4,489"
YU YU5040 ,"5,999"
YU YU5530 ,10129
Yu Yunicorn ,"6,499"
Yu Yunicorn ,"5,860"
YU YUNIQUE YU4711 Smartphone ,"4,795"
YU Yuphoria YU5010A ,"5,499"
YU Yureka Plus on Android ,"4,999"
ZapTech Air Mini Airdots Wireless Bluetooth Earphones Headphones with Wireless Charging Case | Fully Compatible with Mi Xiaomi Readmi/Air Dots/and All Android and iOS Mpbile Phones,"1,395"
ZapTech i Series BT 5.0 True Twins Touch Activated Wireless Bluetooth Earphones with Mic | BT 5.0 TWS Series Headset Earbuds | Single Cum Dual Pairing | Twin Movie Time Batteries,10129
ZapTech M1 Series Airdots Earbuds Wireless Bluetooth Earphones BT 5.0 TWS Headphones with Wireless Charging Dock Compatible for Xioami Mi Redmi and All Android and iOS Smart Phones,"1,275"
"ZapTech M4 Plus Bluetooth Wireless Smart Fitness Band for Boys/Men/Kids/Women | Sports Watch Compatible with Xiaomi, Oppo, Vivo Mobile Phone | Heart Rate and BP Monitor, Calories Counter",10129
"ZapTech MS 7100 in Ear Wireless Bluetooth Headphone with Microphone | Upto 5 Hours Music Time | Handsfree Headset Compatible with Apple iPhone, Oppo, Vivo, Samsung, Lenovo Mobile Phones and Tablets.",10129
Zen Admire Blaze ,"3,199"
Zen Admire Blaze ,10129
Zen Admire Glory+ ,10129
Zen Admire Glory+ ,"3,509"
Zen Admire Infinity ,"4,456"
Zen Admire Infinity ,"2,999"
Zen Admire Sense Duo ,"5,999"
Zen Admire Sense+ ,"3,000"
Zen Admire Sense+ ,"4,999"
Zen Admire Strong ,"5,916"
Zen Admire Unity ,"3,045"
Zen Admire Unity ,"4,661"
Zen Cinemax Prime ,"4,499"
Ziox Astra Champ+ 4G ,"3,833"
Zopo 4G Smartphones ,"4,599"
Zopo Color F5 ,"4,199"
Zopo Color F5 ,10129
Zopo Color X 5.5 - 4G VoLTE ,10129
Zopo Smartphone Color X 5.5 - One Button Access - ,"4,399"
Zopo Speed 7 ZP951 ,"3,999"
Zopo ZP-COLORX5.5-S/GREY 4G VoLTE ,"4,599"
ZTE AXON Mini ,"5,900"
ZTE Blade V7 Lite 4G VoLTE ,"4,300"
ZTE Blade V7 Max ,"4,999"
ZTE V8 Mini ,"5,500"
